Name,Current Team,Date Of Birth,Height,Number,2024-25,2023-24,2022-23,2021-22,2020-21,2019-20,2018-19,2017-18,2016-17,2015-16,2014-15,2013-14
אביב קוקוטק,א.ס. עירוני אשקלון,2005/01/26,1.86,13.0,הפועל עמק חפר (ארצית צפון),הפועל גלבוע מעיינות (נוער על גמרסל),,,,,,,,,,
אביב שמעוני,הפועל מגדל העמק/יזרעאל,1996/08/28,1.98,14.0,אליצור שומרון חלפ (לאומית),אליצור שומרון חלפ (לאומית),הפועל רמת גן/גבעתיים (לאומית),"א.ס. רמה""ש ירק השדה (לאומית)","א.ס. רמה""ש ירק השדה (לאומית)","א.ס. רמה""ש ירק השדה (לאומית)",מכבי רעננה עירוני (לאומית),הפועל נווה שאנן חיפה שובל (לאומית),,,,
אבישי יטח,הפועל נווה שאנן חיפה,2006/03/08,2.04,8.0,"הפועל עפולה (ליגת על), הפועל עפולה חן (נוער על תחתון צפון)",,,,,,,,,,,
אביתר מור יוסף,מכבי גיא נתן חיפה,2001/07/22,1.9,77.0,א.ס. עירוני אשקלון (לאומית),בני הרצליה פנלינק (ליגת על),הפועל חבל מודיעין (לאומית),הפועל חבל מודיעין (לאומית),"הפועל עמק חפר רופין (נוער לאומית צפון), הפועל עמק חפר (ארצית צפון)",,,,,,,
אדוארד קושניר,"מכבי מנדל פ""ת",2005/03/27,2.0,15.0,הפועל חבל מודיעין (ארצית דרום),מכבי רעננה עירוני (נוער לאומית צפון),,,,,,,,,,
אדר אוליאל,א.ס. עירוני אשקלון,2007/03/11,1.97,,,,,,,,,,,,,
אוהד דקל,מ.כ עוטף דרום,2002/08/31,2.05,16.0,הפועל מגידו (ארצית צפון),,,,,,,,,,,
אוסטין טילמן,הפועל אסטרל אילת,1995/12/02,1.85,17.0,הפועל אילת (לאומית),,,,,,,,,,,
אופיר גולדשטיין,"מכבי מנדל פ""ת",2001/12/06,2.05,84.0,אליצור יבנה (לאומית),מכבי חיפה גיא (לאומית),"א.ס. רמה""ש ירק השדה (לאומית)",מכבי הוד השרון סנו (לאומית),"הפועל נס ציונה רוטנש (נוער על דרום), הפועל נס ציונה ליונס (ב דן), הפועל נס ציונה חי מו (ליגת על)",,,,,,,
אופק מלכה,"א.ס רמה""ש ירק השדה",2000/02/10,1.81,31.0,,"א.ס. רמה""ש ירק השדה (לאומית)",מכבי חיפה גיא (לאומית),מכבי רעננה עירוני (לאומית),"בני הרצליה פנלינק (ליגת על), מכבי הוד השרון סנו (לאומית), מכבי רעננה עירוני (לאומית)","בני הרצליה פנלינק (לאומית), מכבי הוד השרון סנו (לאומית)",מכבי הוד השרון סנו (לאומית),הפועל עמק חפר אלטשול (נוער על צפון),,,,
אור חן,הפועל גליל עליון,2005/05/11,1.92,23,,,,,,,,,,,,
אור פורר,אליצור יבנה,2006/08/22,1.85,8.0,אליצור יבנה דנן (נוער על תחתון דרום),,,,,,,,,,,
אורי חי,אליצור יבנה,1999/05/15,1.91,11.0,מכבי רחובות (לאומית),מכבי רעננה עירוני (לאומית),"א.ס. רמה""ש ירק השדה (לאומית)","א.ס. רמה""ש ירק השדה (לאומית)","א.ס. רמה""ש ירק השדה (לאומית)","א.ס. רמה""ש ירק השדה (לאומית)",מכבי תל אביב/שהם (ארצית -דרום),מכבי תל אביב/שהם (ארצית -דרום),הפועל ירושלים עזרא (נוער על -בית עליון),,,
אורי יאיר,עירוני נהריה,2006/01/31,1.94,10.0,"הפועל עמק חפר (ארצית צפון), הפועל עמק חפר רופין (נוער לאומית צפון)",,,,,,,,,,,
אורי ירמולובסקי,מכבי רחובות,2005/08/08,1.85,8.0,הפועל גלבוע ברוש (ארצית צפון),הפועל עמק חפר רופין (נוער לאומית צפון),,,,,,,,,,
אורי כהן,"א.ס רמה""ש ירק השדה",2005/02/13,2.0,25.0,"מכבי ת""א פלייטיקה (ליגת על), אליצור שומרון חלפ (לאומית)",אליצור נתניה עירוני (לאומית),מכבי תל אביב טדי (נוער על גמרסל),,,,,,,,,
אורי נדלר,עירוני נהריה,2002/10/03,1.95,34.0,הפועל עמק חפר (ארצית צפון),הפועל מגדל העמק יזרע (ארצית צפון),,,,,,,,,,
אורי עובדיה,הפועל מגדל העמק/יזרעאל,2005/02/24,2.0,17.0,הפועל עפולה (ליגת על),הפועל עמק יזרעאל (נוער על גמרסל),,,,,,,,,,
איאן מרטינז,אליצור יבנה,2001/07/24,1.93,24,,,,,,,,,,,,
איגור נסטרנקו,מכבי רחובות,1990/08/18,2.03,18.0,מכבי רחובות (לאומית),מכבי ראשון לציון (לאומית),מכבי ראשון לציון (לאומית),הפועל נווה שאנן חיפה שובל (ליגת על),הפועל נווה שאנן חיפה שובל (ליגת על),הפועל נווה שאנן חיפה שובל (לאומית),הפועל נהריה (ליגת על),הפועל נהריה (ליגת על),הפועל נהריה (ליגת על),הפועל נס ציונה חי מו (ליגת על),מכבי ראשון לציון (ליגת על),מכבי ראשון לציון (ליגת על)
אייל ננקין,"מכבי מנדל פ""ת",2000/03/04,1.99,6,,,,,,,,,,,,
איירה לי,"א.ס רמה""ש ירק השדה",1998/03/19,2.02,44.0,"א.ס. רמה""ש ירק השדה (לאומית)",,,,,,,,,,,
אילון פולג,הפועל נווה שאנן חיפה,2005/09/26,1.93,45.0,הפועל ח. השרון קלינה (ארצית צפון),הפועל ירושלים ב.יהב (ליגת על),הפועל לב השרון מקי (נוער לאומית צפון),,,,,,,,,
אילון ששון,מכבי גיא נתן חיפה,2003/03/20,1.95,3.0,מכבי חיפה גיא (ארצית צפון),"הפועל ירושלים ב.יהב (ליגת על), מכבי חיפה גיא (לאומית)",מכבי מעלה אדומים (לאומית),הפועל ירושלים ב.יהב (ליגת על),"הפועל ירושלים עזרא (נוער על דרום), הפועל ירושלים ב.יהב (ליגת על)",,,,,,,
איליי אלול,מכבי אשדוד יאשה,2007/09/03,1.85,4,,,,,,,,,,,,
איתי זלכה,א.ס. רמת השרון,2007/03/01,1.92,4,,,,,,,,,,,,
איתי ירום,"מכבי מנדל פ""ת",2006/03/25,1.97,9.0,"מכבי פתח תקווה מנדל (ארצית צפון), הפועל נס ציונה חי מו (ליגת על)",מכבי פתח תקוה נחמן (נוער על גמרסל),,,,,,,,,,
איתי קרביוב,מכבי מעלה אדומים,1985/03/20,1.98,11.0,א.ס. אשקלון/קרית גת (ארצית דרום),אליצור יבנה (ארצית דרום),אליצור יבנה (ארצית דרום),אליצור יבנה (ארצית דרום),הפועל כפר סבא שלום (ארצית צפון),הפועל כפר סבא שלום (ארצית - צפון),"א.ס. רמה""ש ירק השדה (ארצית - צפון)","א.ס. רמה""ש ירק השדה (ארצית - צפון)",אליצור נתניה עירוני (ארצית - צפון),מכבי בת ים (ארצית -דרום),מכבי הוד השרון סנו (לאומית),מכבי רעננה עירוני (ארצית - צפון)
איתי שניידר,הפועל נווה שאנן חיפה,2006/09/18,1.92,18.0,"מכבי קרית מוצקין (ארצית צפון), הפועל נווה שאנן חיפה שובל (ליגת על)",הפועל נווה שאנן חיפה שובל (נוער על צפון),,,,,,,,,,
איתם כהן,מ.כ עוטף דרום,2005/10/26,1.78,1.0,מועדון כדורסל עוטף ד (לאומית),הפועל עמק חפר אלטשול (נוער על גמרסל),,,,,,,,,,
איתן בש,אליצור שומרון,2003/06/28,2.01,4.0,הפועל כפר קאסם (לאומית),הפועל מגידו (ארצית צפון),מכבי חיפה עתודה (א שרון),מכבי חיפה אסי (נוער על גמרסל),,,,,,,,
איתן דרוט,"א.ס רמה""ש ירק השדה",2002/04/17,2.08,3.0,"א.ס. רמה""ש ירק השדה (לאומית)","מכבי חדרה (ארצית צפון), אליצור נתניה עירוני (לאומית)",,,"הפועל ת""א אוסישקין (נוער לאומית דרום)",,,,,,,
אלון דניאלי,מכבי קרית גת,2006/11/25,2.0,8.0,"הפועל נס ציונה חי מו (ליגת על), הפועל נס ציונה רוטנש (נוער על גמרסל)",,,,,,,,,,,
אלון דרוקר,הפועל אסטרל אילת,2000/09/27,1.8,24.0,הפועל נס ציונה חי מו (ליגת על),אליצור שומרון חלפ (לאומית),הפועל עפולה (לאומית),א.ס. עירוני אשקלון (לאומית),הפועל לוד (ארצית דרום),"הפועל נס ציונה חי מו (ליגת על), א.ס. עירוני אשקלון (לאומית)",מכבי רמת גן קבוצת כנ (ארצית -דרום),הפועל נס ציונה רוטנש (נוער על - גמרסל),,,,
אלון הרשקוביץ,הפועל מגדל העמק/יזרעאל,2005/09/20,1.94,35.0,הפועל מגדל העמק יזרע (לאומית),הפועל מגידו (ארצית צפון),הפועל עמק יזרעאל (נוער על גמרסל),,,,,,,,,
אלון ראכלין,מכבי גיא נתן חיפה,2007/05/12,1.95,9.0,הפועל תל אביב יהודה (נוער על גמרסל),,,,,,,,,,,
אלונזו סולה,"מכבי מנדל פ""ת",1999/07/07,2.01,77,,,,,,,,,,,,
אליה נקר,מכבי אשדוד יאשה,2008/04/14,1.92,18,,,,,,,,,,,,
אליהו כהן,א.ס. עירוני אשקלון,2009/09/15,,,,,,,,,,,,,,
אליעד טל,הפועל אסטרל אילת,2002/05/14,1.96,23.0,הפועל חולון (ליגת על),"מכבי רחובות (לאומית), א.ס. עירוני אשקלון (לאומית)",הפועל רמת גן/גבעתיים (לאומית),הפועל רמת גן/גבעתיים (לאומית),הפועל תל אביב יהודה (נוער על גמרסל),,,,,,,
אלכס צוברביץ',עירוני נהריה,1986/07/23,2.12,7.0,הפועל נהריה (לאומית),הפועל נהריה (לאומית),הפועל נהריה (לאומית),הפועל נהריה (לאומית),מכבי חיפה גיא (ליגת על),מכבי ראשון לציון (ליגת על),הפועל ירושלים ב.יהב (ליגת על),,הפועל חולון (ליגת על),מכבי חיפה גיא (ליגת על),מכבי חיפה גיא (ליגת על),מכבי חיפה גיא (ליגת על)
אמיתי אפנג'ר,מכבי מעלה אדומים,2000/01/30,1.98,14.0,מכבי דימונה (ארצית דרום),,,,,,,,,,,
אמיתי מסיל,מכבי מעלה אדומים,2005/12/14,,23,מכבי מעלה אדומים (ארצית דרום),מכבי מעלה אדומים (נוער ארצית דרום),,,,,,,,,,
אמרי כגן,מכבי קרית גת,2005/02/22,2.1,41.0,מכבי תל אביב/שהם (ארצית דרום),אליצור שומרון חלפ (לאומית),הפועל תל אביב יהודה (נוער על גמרסל),,,,,,,,,
אמרי שביט,מכבי אשדוד,2003/03/01,1.99,6.0,אליצור נתניה עירוני (ליגת על),"א.ס. רמה""ש ירק השדה (לאומית), אליצור נתניה עירוני (לאומית)",מכבי תל אביב/שהם (ארצית -א בית דרום),א.ס. רמת השרון (נוער על גמרסל),,,,,,,,
אסף דוד פשין,"א.ס רמה""ש ירק השדה",2005/01/17,,85,,,,,,,,,,,,
אסף כהן,אליצור שומרון,2006/06/13,1.81,13,,,,,,,,,,,,
אקסבייר ג'ונסון,הפועל נווה שאנן חיפה,1993/06/08,2.01,11,,,,,,,,,,,,
אר ג׳יי גלאספר,א.ס. עירוני אשקלון,1998/04/25,1.83,11,,,,,,,,,,,,
ארי עמיאל,אליצור יבנה,2008/01/22,1.88,7.0,הפועל תל אביב יהודה (נוער על גמרסל),,,,,,,,,,,
אריאל ג'אן,א.ס. עירוני אשקלון,2008/09/19,1.98,,,,,,,,,,,,,
בן אונצ'ה,מכבי קרית גת,2004/05/06,1.89,18.0,הפועל כפר סבא שלום (לאומית),הפועל נהריה (לאומית),מכבי ראשון לציון (לאומית),,"מכבי ראשל""צ איציק (נוער על גמרסל)","מכבי ראשל""צ יאיר (נערים א' לאומית דרום)","מכבי ראשל""צ יאיר (נערים א לאומית גמרסל)","מכבי ראשל""צ אלון (גמרסל ילדים א לאומית)","מכבי ראשל""צ דקל (ילדים א' לאומית מרכז)","מכבי ראשל""צ סביון (ילדים ב' מרכז א)","מכבי ראשל""צ ברוש (קט סל א'-מרכז ב')","מכבי ראשל""צ סחלב (קט סל ב'-מרכז)"
בן גולד,מכבי אשדוד,2001/08/09,2.02,32,,,,,,,,,,,,
בר רוטשטיין,עירוני נהריה,2004/04/23,1.90,35,,,,,,,,,,,,
בר שינבוים,מכבי אשדוד,2000/03/30,1.85,11.0,מכבי אשדוד (ארצית דרום),"אליצור יבנה (ארצית דרום), אליצור נווה דוד רמלה (ארצית דרום)",אליצור יבנה (ארצית דרום),אליצור יבנה (ארצית דרום),"אליצור נווה דוד רמלה (ארצית דרום), אליצור יבנה (לאומית)","אליצור נווה דוד רמלה (ארצית -דרום), אליצור יבנה (לאומית)",אליצור יבנה דנן (נוער על - גמרסל),,,,,
בר שפע,מכבי מעלה אדומים,1998/07/20,1.9,64.0,מכבי מעלה אדומים (ארצית דרום),הפועל טבריה (ארצית צפון),הפועל מגדל העמק יזרע (ארצית צפון),מכבי מעלה אדומים (לאומית),מכבי מעלה אדומים (ארצית דרום),,,,,,,
ברדלי צ'מוני אזווירו,,2002/07/03,2.05,22,,,,,,,,,,,,
ברנדון באומן,א.ס. עירוני אשקלון,1984/10/15,2.06,5.0,מכבי רעננה עירוני (לאומית),מכבי חיפה גיא (לאומית),,,,,,,,,,
ברנדון וואטרספון,,2000/10/27,1.93,4,,,,,,,,,,,,
ברק אוריון,מכבי מעלה אדומים,1998/06/03,1.98,13.0,מכבי מעלה אדומים (ארצית דרום),מכבי מעלה אדומים (לאומית),הפועל מגדל העמק יזרע (ארצית צפון),מכבי מעלה אדומים (לאומית),מכבי מעלה אדומים (ארצית דרום),מכבי מעלה אדומים (ארצית -דרום),,,אקדמיית וינגייט (ארצית - צפון),אקדמיית וינגייט (נוער לאומיתדרוםעליון),,
ג'ונתן פיירל,הפועל מגדל העמק/יזרעאל,1993/06/22,2.01,2.0,הפועל צפת/גליל דניאל (לאומית),,,,,,,,,,,
ג'וש אלדריך,מכבי רחובות,1999/11/29,2.01,34.0,הפועל גליל גלבוע (ליגת על),הפועל גליל גלבוע (לאומית),,,,,,,,,,
ג'וש אנזיקור,מ.ס צפת,1997/06/13,2.03,11,,,,,,,,,,,,
ג'וש פרידקין,מכבי גיא נתן חיפה,1989/09/02,1.78,12.0,מכבי חיפה גיא (ארצית צפון),הפועל מגדל העמק יזרע (ארצית צפון),מכבי דימונה (א דרום),מכבי אשדוד (לאומית),,,,,,,,
ג'וש פרייס,מכבי גיא נתן חיפה,1996/07/29,2.06,99.0,הפועל גליל גלבוע (ליגת על),,,,,,,,,,,
ג'ייס טאונסנד,מכבי גיא נתן חיפה,2000/07/15,1.93,1,,,,,,,,,,,,
ג׳אמארי סמית,א.ס. עירוני אשקלון,2000/07/19,1.98,14,,,,,,,,,,,,
גיא חמו,הפועל נווה שאנן חיפה,2007/03/22,1.94,14.0,הפועל תל אביב יהודה (נוער על גמרסל),,,,,,,,,,,
גידי שיפר,מכבי קרית גת,2003/06/18,1.98,55.0,א.ס. אשקלון/קרית גת (ארצית דרום),אליצור יבנה (ארצית דרום),הפועל תל אביב שלמה (על גברים גמר סל),"הפועל ת""א אוסישקין (נוער לאומית דרום)",,,,,,,,
גל גילינסקי,"מכבי מנדל פ""ת",1995/04/12,1.95,10.0,אליצור יבנה (לאומית),מכבי ראשון לציון (לאומית),א.ס. עירוני אשקלון (לאומית),הפועל תל אביב שלמה (ליגת על),"אליצור יבנה (לאומית), הפועל נהריה (ליגת על)","א.ס. רמה""ש ירק השדה (לאומית)",אליצור יבנה (לאומית),הפועל גליל עליון (לאומית),הפועל כפר סבא שלום (לאומית),הפועל כפר סבא שלום (לאומית),מכבי רמת גן קבוצת כנ (לאומית),אליצור יבנה (לאומית)
גל שטרנברג,מ.כ עוטף דרום,1999/08/27,2.06,7.0,הפועל מגדל העמק יזרע (לאומית),הפועל תל אביב IBI (ליגת על),אליצור שומרון חלפ (לאומית),מכבי רעננה עירוני (לאומית),מכבי רעננה עירוני (לאומית),"הפועל תל אביב IBI (ליגת על), אליצור נתניה עירוני (לאומית)",מכבי בת ים (ארצית -דרום),"הפועל ת""א אוסישקין (נוער ארצית מרכז)",,,,
גלעד מלניק,מכבי גיא נתן חיפה,2001/03/01,1.85,14.0,מכבי חיפה גיא (ארצית צפון),"מכבי אשדוד (ארצית גברים-כרטיס 3), מכבי אשדוד (ארצית דרום)",מכבי הוד השרון סנו (ארצית צפון),הפועל לוד (ארצית דרום),מכבי פתח תקווה מנדל (ארצית דרום),מכבי רעננה עירוני (לאומית),מכבי רעננה עירוני (נוער על - גמרסל),,,,,
דאסטי האנאס,הפועל אסטרל אילת,1993/09/02,1.91,2.0,הפועל אילת (לאומית),הפועל תל אביב IBI (ליגת על),,,,,,,,,,
דווייט וילסון,מכבי אשדוד,1998/10/08,2.03,77,,,,,,,,,,,,
דויד מוסיס,א.ס. רמת השרון,2008/07/21,2.10,8,,,,,,,,,,,,
די ג'יי שארפ,מ.ס צפת,1996/12/19,1.88,33.0,הפועל צפת/גליל דניאל (לאומית),מכבי חיפה גיא (לאומית),מכבי חיפה גיא (לאומית),א.ס. עירוני אשקלון (לאומית),"הפועל ב""ש/דימונה אלט (ליגת על), הפועל גליל עליון (לאומית)","הפועל ב""ש/דימונה אלט (ליגת על)",הפועל גליל עליון (לאומית),הפועל כפר סבא שלום (לאומית),בני הרצליה פנלינק (ליגת על),מכבי רמת גן קבוצת כנ (לאומית),,
דיימונד סטון,מכבי קרית גת,1997/02/10,2.08,33,,,,,,,,,,,,
דימיטרי רוברטס,"א.ס רמה""ש ירק השדה",2000/01/22,1.73,2,,,,,,,,,,,,
דימיטריוס טרידוול,אליצור שומרון,1991/11/10,2.01,2.0,,,מכבי רמת גן קבוצת כנ (לאומית),,,,,,,,,
דין אלינגר,הפועל אסטרל אילת,2004/06/10,,4,הפועל חבל אילות (ארצית דרום),הפועל חבל אילות (ארצית דרום),הפועל חבל אילות (גמר ארצית-א),,,הפועל אילת (נערים א' לאומית דרום),הפועל אילת מטיילי (נערים א' מחוזית נגב),הפועל אילת פטקום (ילדים א' - נגב),הפועל אילת המכולת (ילדים א' - נגב),הפועל אילת (קט סל א'-נגב),,
דנאל כוזהינוף,הפועל נווה שאנן חיפה,2001/06/04,1.8,36.0,הפועל אילת (לאומית),"מכבי רמת גן קבוצת כנ (ליגת על), מכבי ראשון לציון (לאומית)",מכבי חיפה גיא (לאומית),מכבי חיפה גיא (לאומית),מכבי חיפה גיא (ליגת על),"הפועל תל אביב שלמה (ליגת על), מכבי ראשון לציון (ליגת על)",מכבי רמת גן אנדרי (נוער ארצית מרכז),,,,,
דניאל גריידי,אליצור יבנה,2006/02/08,1.95,10.0,מועדון כדורסל עוטף ד (לאומית),הפועל נס ציונה רוטנש (נוער על גמרסל),,,,,,,,,,
דניאל נג'ר,מכבי קרית גת,2001/10/03,1.92,24.0,א.ס. עירוני אשקלון (לאומית),"מכבי חיפה גיא (לאומית), מכבי מעלה אדומים (לאומית)",הפועל עפולה (לאומית),הפועל רמת גן/גבעתיים (לאומית),"מכבי חיפה עתודה (א צפון), הפועל עכו (לאומית), מכבי חיפה אסי (נוער על צפון), מכבי חיפה גיא (ליגת על)",מכבי חיפה עתודה (א' צפון),,,,,,
דניאל קופרברג,מ.ס צפת,1997/12/08,2.06,18.0,הפועל צפת/גליל דניאל (לאומית),"מכבי חיפה גיא (לאומית), הפועל צפת/גליל דניאל (לאומית)",מכבי חיפה גיא (לאומית),מכבי חיפה גיא (לאומית),"הפועל תל אביב שלמה (ליגת על), מכבי חיפה גיא (ליגת על)","הפועל תל אביב שלמה (ליגת על), מכבי חיפה גיא (ליגת על)",מכבי חיפה גיא (לאומית),מכבי חיפה גיא (ליגת על),מכבי חיפה גיא (ליגת על),מכבי חיפה אסי (נוער לאומיתצפוןעליון),,
דניאל ראובן,"א.ס רמה""ש ירק השדה",1999/08/25,1.88,10.0,"א.ס. רמה""ש ירק השדה (לאומית)","א.ס. רמה""ש ירק השדה (לאומית)",אליצור נתניה עירוני (לאומית),אליצור נתניה עירוני (לאומית),הפועל חבל אילות (ארצית דרום),הפועל אילת (ליגת על),,הפועל אילת (נוער לאומית דרום),,,,
דניאל רוזנבאום,הפועל נווה שאנן חיפה,1997/02/11,1.97,5.0,הפועל נווה שאנן חיפה שובל (ליגת על),הפועל נווה שאנן חיפה שובל (ליגת על),מכבי רמת גן קבוצת כנ (לאומית),א.ס. עירוני אשקלון (לאומית),"הפועל רמת גן/גבעתיים (לאומית), הפועל ירושלים ב.יהב (ליגת על)",הפועל ירושלים ב.יהב (ליגת על),,,,,,
דניאל שרון,מכבי רחובות,2005/11/08,2.03,6.0,מכבי רחובות (לאומית),מכבי רחובות עומר (נוער על דרום),,,,,,,,,,
דרק ווקר,מכבי רחובות,1997/11/09,2.06,5,,,,,,,,,,,,
דשון בורק,הפועל מגדל העמק/יזרעאל,1997/11/25,1.93,1.0,הפועל צפת/גליל דניאל (לאומית),,,,,,,,,,,
הראל דדון,מכבי רחובות,1998/05/04,1.95,26.0,מכבי ראשון לציון (לאומית),"מכבי רמת גן קבוצת כנ (ליגת על), מכבי ראשון לציון (לאומית)",מכבי רמת גן קבוצת כנ (לאומית),"א.ס. רמה""ש ירק השדה (לאומית)","מכבי הוד השרון סנו (לאומית), הפועל חולון (ליגת על)","מכבי הוד השרון סנו (לאומית), הפועל חולון (ליגת על)",הפועל חולון (ליגת על),הפועל חולון (ליגת על),הפועל חולון יורם (נוער לאומית דרום),,,
וינס קול,אליצור שומרון,1998/09/10,1.98,24,,,,,,,,,,,,
וסלי האריס,הפועל נווה שאנן חיפה,1997/04/15,2.03,1,,,,,,,,,,,,
זיו ברקו,מכבי קרית גת,2006/12/24,1.93,32.0,מכבי תל אביב טדי (נוער על גמרסל),,,,,,,,,,,
זיו מעוז,מכבי קרית גת,2002/09/12,1.91,12.0,אליצור יבנה (לאומית),הפועל גליל עליון (ליגת על),מכבי רעננה עירוני (לאומית),מכבי רמת גן קבוצת כנ (לאומית),"הפועל גליל עליון (לאומית), הפועל גליל עליון צפת (נוער על צפון)",,,,,,,
חן כלפון,"א.ס רמה""ש ירק השדה",1996/04/10,1.98,8.0,"א.ס. רמה""ש ירק השדה (לאומית)","א.ס. רמה""ש ירק השדה (לאומית)",מכבי ראשון לציון (לאומית),הפועל גליל גלבוע (ליגת על),הפועל גליל גלבוע (ליגת על),אליצור יבנה (לאומית),א.ס. עירוני אשקלון (לאומית),מכבי תל אביב/שהם (ארצית -דרום),הפועל נצר סרני אריק/ (א-מרכז),,מכבי ראשון לציון (ליגת על),"מכבי ראשל""צ איציק (נוער לאומית גמרסל על)"
טאז שרמן,מ.ס צפת,1999/07/19,1.93,12,,,,,,,,,,,,
טום סיגטי,הפועל מגדל העמק/יזרעאל,2002/04/18,1.92,6.0,הפועל מגידו (ארצית צפון),"הפועל מגידו (ארצית צפון), מכבי קרית מוצקין (ארצית צפון)",מכבי קרית מוצקין (ארצית צפון),הפועל גלבוע ברוש (ארצית צפון),הפועל גלבוע ברוש (ארצית צפון),הפועל עמק יזרעאל (נוער על צפון),,,,,,
טל חדד,מ.ס צפת,1999/11/10,1.92,4.0,הפועל צפת/גליל דניאל (לאומית),"הפועל כפר סבא שלום (ארצית גברים-כרטיס 3), הפועל כפר סבא שלום (ארצית צפון), הפועל עמק חפר (ארצית צפון)",הפועל עמק חפר (ארצית צפון),מכבי חדרה (ארצית צפון),הפועל כפר סבא שלום (ארצית צפון),הפועל כפר סבא שלום (ארצית - צפון),הפועל צפת/גליל דניאל (ארצית - צפון),הפועל צפת גליל (נוער ארצית צפון),,,,
טל פלד,מכבי רחובות,2002/09/14,1.95,9.0,מכבי רחובות (לאומית),"מכבי ראשון לציון (לאומית), מכבי רחובות (לאומית)",מכבי ראשון לציון (לאומית),מכבי ראשון לציון (ליגת על),"מכבי ראשל""צ איציק (נוער על גמרסל)",,,,,,,
טל צוויפלר,מכבי מעלה אדומים,2003/09/23,1.85,1.0,מכבי מעלה אדומים (ארצית דרום),הפועל טבריה (ארצית צפון),מכבי חדרה (ארצית צפון),מכבי חדרה עמיחי (נוער על תחתון צפון),,,,,,,,
טרה מקולום,"מכבי מנדל פ""ת",1995/06/04,2.01,1,,,,,,,,,,,,
יאיר שורץ,מכבי מעלה אדומים,2007/04/20,,,,,,,,,,,,,,
יבגני חולודוב,מכבי מעלה אדומים,1996/01/28,1.8,9.0,מכבי חיפה גיא (ארצית צפון),"מכבי אשדוד (ארצית גברים-כרטיס 3), מכבי אשדוד (ארצית דרום)",מכבי רחובות (לאומית),מכבי רחובות (ארצית דרום),מכבי מעלה אדומים (ארצית דרום),מכבי מעלה אדומים (ארצית -דרום),הפועל עכו (ארצית - צפון),מכבי רחובות (לאומית),,מכבי בת ים (ארצית -דרום),,"מכבי ראשל""צ איציק (נוער לאומית גמרסל על)"
יהודה ביטון,מ.ס צפת,2005/05/09,1.85,30.0,הפועל צפת/גליל דניאל (לאומית),הפועל צפת/גליל דניאל (לאומית),,,,הפועל גליל עליון צפת (נערים ב' לאומית צפון),,הפועל צפת/גליל (ילדים א' לאומית צפון),,הפועל צפת/גליל (קט-סל א'-צפון),,
יהונתן זלאיט,"מכבי מנדל פ""ת",2004/02/13,2.02,13.0,הפועל צפת/גליל דניאל (לאומית),אליצור לוד/נחל שורק (ארצית דרום),מכבי חדרה (ארצית צפון),הפועל כפר סבא אביב (נוער על גמרסל),מכבי רעננה (נערים א לאומית מרכז),,,,,,,
יהונתן סלע,אליצור שומרון,2004/09/04,1.91,11.0,מועדון כדורסל עוטף ד (לאומית),הפועל נווה שאנן חיפה שובל (ליגת על),מכבי קיסריה (נוער מחוזית שומרון),,,,,,,,,
יהונתן פלד,אליצור שומרון,2006/05/03,2.01,12,,,,,,,,,,,,
יהל פלג,הפועל מגדל העמק/יזרעאל,2002/05/29,1.9,7.0,,הפועל גליל עליון (ליגת על),הפועל גליל עליון (על גברים גמר סל),הפועל גליל עליון (ליגת על),"הפועל גליל עליון (לאומית), הפועל עמק יזרעאל (נוער על צפון)",,,,,,,
יהלי שושן,אליצור יבנה,2005/03/22,2.03,18.0,אליצור שומרון חלפ (לאומית),מכבי תל אביב/שהם (ארצית דרום),מכבי תל אביב טדי (נוער על גמרסל),,,,,,,,,
יהלי שטיינהאור,הפועל מגדל העמק/יזרעאל,2004/01/08,1.93,11.0,"מכבי קרית ביאליק (ארצית צפון), הפועל גליל עליון (ליגת על)",,,,,,,,,,,
יובל בר,מ.ס צפת,2002/08/06,1.97,2.0,הפועל צפת/גליל דניאל (לאומית),"מכבי רעננה עירוני (לאומית), א.ס. רמה""ש ירק השדה (לאומית)",מכבי רעננה עירוני (לאומית),מכבי רעננה עירוני (לאומית),"מכבי רעננה עירוני (נוער על צפון), מכבי רעננה עירוני (לאומית)",,,,,,,
יוגב אוחיון,עירוני נהריה,1987/04/24,1.89,12.0,מכבי רעננה עירוני (לאומית),מכבי רעננה עירוני (לאומית),הפועל נהריה (לאומית),הפועל נהריה (לאומית),הפועל חולון (ליגת על),"הפועל ירושלים ב.יהב (ליגת על), הפועל חולון (ליגת על)",הפועל ירושלים ב.יהב (ליגת על),הפועל ירושלים ב.יהב (ליגת על),"מכבי ת""א פלייטיקה (ליגת על)","מכבי ת""א פלייטיקה (ליגת על)","מכבי ת""א פלייטיקה (ליגת על)","מכבי ת""א פלייטיקה (ליגת על)"
יוגב עובדיה,מכבי גיא נתן חיפה,2003/02/25,1.8,18.0,"מכבי רמת גן קבוצת כנ (ליגת על), עירוני ק.אונו שיקו (ארצית דרום)","מכבי ראשון לציון (לאומית), א.ס. עירוני אשקלון (לאומית)",מכבי ראשון לציון (לאומית),מכבי תל אביב/שהם (ארצית דרום),"מכבי ראשל""צ איציק (נוער על גמרסל)",,,,,,,
יונתן אבולוף,מכבי רמת גן קבוצת כנ,2005/09/09,1.97,,,,,,,,,,,,,
יונתן מהרטה,מכבי אשדוד,2007/07/15,1.93,15,,,,,,,,,,,,
יונתן מור,אליצור שומרון,1995/02/11,2.05,9.0,א.ס. עירוני אשקלון (לאומית),מכבי רעננה עירוני (לאומית),מכבי ראשון לציון (לאומית),הפועל חבל מודיעין (לאומית),הפועל תל אביב שלמה (ליגת על),מכבי חיפה גיא (ליגת על),אליצור קרית אתא לאטי (לאומית),בני הרצליה פנלינק (ליגת על),הפועל חולון (ליגת על),הפועל כפר סבא שלום (לאומית),הפועל תל אביב שלמה (ליגת על),אקדמיית וינגייט (ארצית - צפון)
יונתן קלר,הפועל ירושלים מידטאון,2007/06/03,1.9,15.0,"הפועל עמק חפר (ארצית צפון), הפועל עמק חפר אלטשול (נוער על גמרסל)",,,,,,,,,,,
יונתן רבינוביץ',אליצור שומרון,1998/01/09,1.86,3.0,הפועל תל אביב IBI (ליגת על),הפועל תל אביב IBI (ליגת על),,,,,,,,,,
יותם הנקין,אליצור יבנה דנן,2007/11/23,1.98,4,,,,,,,,,,,,
יותם וסר,מכבי רחובות,2004/07/15,1.91,7.0,מכבי תל אביב/שהם (ארצית דרום),מכבי תל אביב/שהם (ארצית דרום),מכבי תל אביב (נוער לאומית דרום),,,,,,,,,
ים שפריר,מ.כ עוטף דרום,2004/04/07,1.88,6.0,אליצור יבנה (לאומית),אליצור יבנה (ארצית דרום),אליצור יבנה דנן (נוער על גמרסל),,,,,,,,,
יניר בנימין,עירוני נהריה,2000/09/19,1.85,26.0,הפועל נהריה (לאומית),"הפועל נהריה (לאומית), מכבי מעלה אדומים (לאומית)",א.ס. עירוני אשקלון (לאומית),מכבי מעלה אדומים (לאומית),הפועל עפולה (לאומית),,,,,,,
יריב עמירם,אליצור יבנה,1994/01/16,2.04,26.0,אליצור קרית אתא לאטי (ליגת על),אליצור קרית אתא לאטי (ליגת על),מכבי ראשון לציון (לאומית),אליצור קרית אתא לאטי (לאומית),"הפועל חבל מודיעין (לאומית), מכבי הוד השרון סנו (לאומית), אליצור יבנה (לאומית)","מכבי הוד השרון סנו (לאומית), אליצור יבנה (לאומית)",אליצור יבנה (לאומית),הפועל גליל עליון (לאומית),בני הרצליה פנלינק (ליגת על),,,
ישמעאל ליין,הפועל אסטרל אילת,1997/06/20,2.03,20,,,,,,,,,,,,
כריס קלארק,עירוני נהריה,1996/06/09,1.96,1,,,,,,,,,,,,
כריסטיאן דיו ג'ונס,מכבי מעלה אדומים,1993/07/06,2.01,2,,,,,,,,,,,,
ליאם ביטון,הפועל אילת,2007/10/11,1.87,5,,,,,,,,,,,,
ליעד משען,מ.כ עוטף דרום,1997/10/06,1.93,18.0,הפועל תל אביב אורי (ארצית צפון),הפועל באר טוביה (א דרום),מכבי אשדוד (ארצית דרום),אליצור נווה דוד רמלה (ארצית דרום),אליצור נווה דוד רמלה (ארצית דרום),מכבי ראשון לציון (ליגת על),,,מכבי קרית גת (ליגת על),מכבי קרית גת (ליגת על),"מכבי ראשל""צ איציק (נוער לאומית גמרסל)","מכבי ראשל""צ נרקיס (נערים א לאומית גמרסל)"
מאור נקרשביץ,מכבי קרית גת,2004/11/04,2.02,13.0,מכבי ראשון לציון (לאומית),מכבי ראשון לציון (לאומית),,,"מכבי ראשל""צ איציק (נוער על גמרסל)",,,,,,,
מייקל גרין,מכבי קרית גת,2001/01/11,1.80,3,,,,,,,,,,,,
מירון כץ,מכבי רחובות,2006/02/06,1.89,3.0,הפועל גלבוע מעיינות (נוער על גמרסל),,,,,,,,,,,
מקסים פוקסמן,הפועל מגדל העמק/יזרעאל,2002/05/08,1.98,19.0,הפועל מגדל העמק יזרע (לאומית),הפועל מגדל העמק יזרע (ארצית צפון),הפועל מגידו (ארצית צפון),מכבי אשדוד (לאומית),"מכבי חיפה אסי (נוער על גמרסל), מכבי חיפה עתודה (א צפון)",,,,,,,
מקסים רומנוב,מכבי קרית גת,2000/09/15,2.02,1.0,מכבי ראשון לציון (לאומית),הפועל צפת/גליל דניאל (לאומית),א.ס. עירוני אשקלון (לאומית),,,"הפועל נווה שאנן חיפה שובל (לאומית), מכבי חיפה גיא (ליגת על)",הפועל נווה שאנן חיפה שובל (נוער ארצית צפון),,,,,
מרסלוס ארלנגטון,עירוני נהריה,2000/04/24,2.0,10.0,,הפועל עפולה (ליגת על),,,,,,,,,,
מתן בן אקן,מכבי אשדוד,1997/06/07,1.98,26.0,הפועל כפר סבא שלום (לאומית),מכבי מעלה אדומים (לאומית),הפועל גלבוע ברוש (ארצית צפון),מכבי אשדוד (ארצית דרום),א.ס. אשקלון/קרית גת (ארצית דרום),מכבי מעלה אדומים (ארצית -דרום),מכבי הוד השרון סנו (לאומית),,מכבי הוד השרון סנו (לאומית),מכבי תל אביב טדי (נוער לאומית גמרסל),,
מתן חכמו,אליצור שומרון,2003/12/17,1.9,69.0,א.ס. עירוני אשקלון (לאומית),מכבי מעלה אדומים (לאומית),מכבי מעלה אדומים (לאומית),הפועל תל אביב יהודה (נוער על גמרסל),,,,,,,,
מתן שטרייט,מ.כ עוטף דרום,2007/05/20,1.95,11.0,הפועל גלבוע מעיינות (נוער על גמרסל),,,,,,,,,,,
נאור שרון,מכבי גיא נתן חיפה,1995/03/13,1.93,17.0,הפועל אילת (לאומית),,מכבי רמת גן קבוצת כנ (לאומית),,,,,,,,,
נבו זומרפלד,מ.כ עוטף דרום,2003/01/31,1.95,23.0,"הפועל גליל גלבוע (ליגת על), הפועל גלבוע ברוש (ארצית צפון)",הפועל גליל גלבוע (לאומית),הפועל גלבוע ברוש (ארצית צפון),אליצור קרית אתא לאטי (לאומית),הפועל גלבוע מעיינות (נוער על גמרסל),,,,,,,
נווה כהן,מ.ס צפת,2004/07/18,1.9,22.0,הפועל גליל תבור (א צפון),הפועל צפת/גליל דניאל (לאומית),הפועל גליל עליון (נוער ארצית צפון),,,,,,,,,
נווה מינץ,מכבי גיא נתן חיפה,2003/12/09,2.03,13.0,מועדון כדורסל עוטף ד (לאומית),הפועל נווה שאנן חיפה שובל (ליגת על),הפועל גליל גלבוע (ליגת על),הפועל גלבוע מעיינות (נוער על גמרסל),,,,,,,,
נועם אקריש,מ.ס צפת,2001/10/10,1.96,10.0,הפועל אילת (לאומית),בני הרצליה פנלינק (ליגת על),מכבי מעלה אדומים (לאומית),הפועל נהריה (לאומית),הפועל נהריה (ליגת על),הפועל נהריה (ליגת על),,"מכבי ראשל""צ איציק (נוער על דרום)","מכבי ראשל""צ נרקיס (נערים א גמר סל)","מכבי ראשל""צ ורד (נערים ב' מרכז)",אליצור יבנה שמשון (ילדים א' לאומית דרום),אליצור דוד יבנה (ילדים ב' דרום א)
נועם יעקובי,מכבי אשדוד,2004/11/09,1.88,21.0,אליצור שומרון חלפ (לאומית),מכבי תל אביב/שהם (ארצית דרום),מכבי חדרה (ארצית צפון),מכבי תל אביב טדי (נוער על גמרסל),,,,,,,,
נועם ניסן,מכבי קרית גת עירוני,2008/01/13,,,,,,,,,,,,,,
ניב אבידן,הפועל אסטרל אילת,2004/05/07,2.01,32,,,,,,,,,,,,
ניב בלול,מכבי קרית גת,1998/11/12,2.03,5.0,א.ס. אשקלון/קרית גת (ארצית דרום),"הפועל גליל גלבוע (לאומית), מכבי ראשון לציון (לאומית)",הפועל חולון (על גברים גמר סל),מכבי ראשון לציון (ליגת על),"מכבי ראשון לציון (ליגת על), הפועל ירושלים ב.יהב (ליגת על)",מכבי ראשון לציון (ליגת על),הפועל כפר סבא שלום (לאומית),מכבי ראשון לציון (ליגת על),"מכבי ראשל""צ איציק (נוער על -בית עליון)",,,
ניב למפרט,הפועל מגדל העמק/יזרעאל,2004/01/20,1.96,5.0,הפועל כפר סבא שלום (לאומית),הפועל גליל גלבוע (לאומית),,,,,,,,,,
ניב פילוסוף,"מכבי מנדל פ""ת",2003/09/17,1.91,12.0,"מכבי רמת גן קבוצת כנ (ליגת על), מכבי פתח תקווה מנדל (ארצית צפון)",א.ס. אשקלון/קרית גת (ארצית דרום),אליצור גבעת שמואל (ארצית דרום),מכבי הוד השרון סנו (לאומית),"מכבי ראשל""צ איציק (נוער על גמרסל)",,,,,,,
ניקולס אסתרזון,מכבי אשדוד,2002/03/11,2.04,22.0,הפועל רמת גן/גבעתיים (ארצית דרום),אליצור גבעת שמואל (ארצית דרום),אליצור גבעת שמואל (ארצית דרום),,,מכבי תל אביב טדי (נוער על דרום),,,,,,
ניקיטה סוקולוב,אליצור יבנה דנן,2008/09/05,2.09,15,,,,,,,,,,,,
ניר שפר,מכבי מעלה אדומים,2003/02/20,1.94,,"הפועל ב""ש/דימונה אלט (ליגת על)",הפועל עפולה (ליגת על),הפועל כפר סבא שלום (ארצית צפון),הפועל כפר סבא אורן (נוער ארצית שרון),,,,,,,,
ניתאי טפרברג,מכבי גיא נתן חיפה,2004/08/21,1.86,11.0,הפועל נהריה (לאומית),מכבי דימונה (ארצית דרום),הפועל לוד (ארצית דרום),הפועל עמק חפר אלטשול (נוער על גמרסל),הפועל בנימינה ג.עדה (נערים א לאומית צפון),,,,,,,
ניתאי רוזנברג,הפועל מגדל העמק/יזרעאל,2001/12/18,2.0,9.0,אליצור יבנה (לאומית),"מכבי רעננה עירוני (לאומית), הפועל כפר קאסם (לאומית)",הפועל עמק חפר (ארצית צפון),מכבי חדרה (ארצית צפון),"הפועל עמק חפר אלטשול (נוער על צפון), הפועל עמק חפר (ארצית צפון), מכבי רעננה עירוני (לאומית)",,,,,,,
נעם נאור,"מכבי מנדל פ""ת",2004/03/16,1.92,7.0,מכבי פתח תקווה מנדל (ארצית צפון),מכבי פתח תקווה מנדל (ארצית דרום),מכבי פתח תקוה נחמן (נוער על גמרסל),,,,,,,,,
סי ג'יי ווקר,אליצור יבנה,2001/03/29,2.03,14,,,,,,,,,,,,
סמאג' טיל,מכבי רחובות,2002/06/29,1.98,2,,,,,,,,,,,,
עדי כהן סבן,מכבי מעלה אדומים,1995/12/11,1.78,12.0,מכבי מודיעין רעות (א דרום),הפועל ירושלים פ.זאב (א דרום),הפועל כפר סבא שלום (ארצית צפון),הפועל כפר סבא שלום (ארצית צפון),"הפועל ב""ש/דימונה אלט (ליגת על), הפועל ירושלים ב.יהב (ליגת על)","הפועל ב""ש/דימונה אלט (ליגת על)",,"הפועל ב""ש/דימונה אלט (לאומית)",הפועל כפר סבא שלום (לאומית),הפועל כפר סבא שלום (לאומית),מכבי הוד השרון סנו (לאומית),הפועל ירושלים ב.יהב (ליגת על)
עוז חולי,אליצור יבנה,2001/08/07,1.9,2.0,אליצור יבנה (לאומית),אליצור יבנה (ארצית דרום),אליצור יבנה (ארצית דרום),אליצור יבנה (ארצית דרום),אליצור לוד/נחל שורק (ארצית דרום),אליצור יבנה דנן (נוער על דרום),,,,,,
עוז לביא,א.ס. עירוני אשקלון,2003/01/19,1.98,73.0,הפועל מגדל העמק יזרע (לאומית),הפועל נהריה (לאומית),מכבי חדרה (ארצית צפון),הפועל נווה שאנן חיפה שובל (ליגת על),מכבי זכרון יעקב (נוער על צפון),,,,,,,
עומר אל על,אליצור יבנה,1994/05/15,1.8,12.0,הפועל צפת/גליל דניאל (לאומית),"מכבי אשדוד (ארצית גברים-כרטיס 3), מכבי אשדוד (ארצית דרום)",הפועל צפת/גליל דניאל (ארצית צפון),הפועל עפולה (לאומית),הפועל מגדל העמק יזרע (ארצית צפון),אליצור לוד/נחל שורק (ארצית -דרום),,,מכבי רמת גן קבוצת כנ (לאומית),אליצור נווה דוד רמלה (ארצית -דרום),מכבי חדרה (ארצית - צפון),הפועל מגדל העמק יזרע (לאומית)
עומר בן דוד,עירוני נהריה,2001/07/05,1.85,8.0,בני הרצליה פנלינק (ליגת על),מכבי רחובות (לאומית),א.ס. עירוני אשקלון (לאומית),א.ס. עירוני אשקלון (לאומית),"הפועל תל אביב שלמה (ליגת על), א.ס. עירוני אשקלון (לאומית)",הפועל תל אביב שלמה (ליגת על),הפועל תל אביב יהודה (נוער על - גמרסל),,,,,
עומר דרגושנסקי,אליצור שומרון,2005/12/21,1.93,5.0,הפועל כפר סבא שלום (לאומית),"מכבי ראשל""צ איציק (נוער על גמרסל)",,,,,,,,,,
עומר לוי,א.ס. רמת השרון,2008/06/18,1.84,10,,,,,,,,,,,,
עומר פולג,א.ס. עירוני אשקלון,1999/10/15,1.82,6.0,הפועל נווה שאנן חיפה שובל (ליגת על),אליצור נתניה עירוני (לאומית),הפועל נהריה (לאומית),הפועל נהריה (לאומית),"הפועל נווה שאנן חיפה שובל (ליגת על), מכבי הוד השרון סנו (לאומית), מכבי קרית ביאליק (ארצית צפון)","הפועל נווה שאנן חיפה שובל (לאומית), מכבי קרית ביאליק (ארצית - צפון)",הפועל נווה שאנן חיפה שובל (לאומית),,מכבי רעננה עירוני (נוער על -בית עליון),,,
עומר שפר,"א.ס רמה""ש ירק השדה",2004/01/08,1.96,45.0,"א.ס. רמה""ש ירק השדה (לאומית)","א.ס. רמה""ש ירק השדה (לאומית)",א.ס. רמת השרון (נוער על גמרסל),,,,,,,,,
עידו בן דוד,א.ס. עירוני אשקלון,2008/02/09,1.80,,,,,,,,,,,,,
עידו דוידי,עירוני נהריה,1996/08/02,1.94,11.0,הפועל נהריה (לאומית),הפועל גליל גלבוע (לאומית),אליצור קרית אתא לאטי (ליגת על),אליצור קרית אתא לאטי (לאומית),"הפועל אילת (ליגת על), הפועל נהריה (ליגת על)","הפועל אילת (ליגת על), מכבי הוד השרון סנו (לאומית)",מכבי הוד השרון סנו (לאומית),הפועל כפר סבא שלום (לאומית),הפועל כפר סבא שלום (לאומית),הפועל עמק חפר (ארצית - צפון),מכבי רעננה יורם (נוער לאומית שרון),
עידו הראל,הפועל אסטרל אילת,2003/02/16,1.86,9.0,מכבי רעננה עירוני (לאומית),הפועל אילת (ליגת על),הפועל אילת (ליגת על),הפועל אילת (ליגת על),"הפועל אילת (ליגת על), הפועל אילת (נוער לאומית דרום)",הפועל אילת (ליגת על),,,,,,
עידו פליישר,א.ס. עירוני אשקלון,1998/01/27,2.08,8.0,"הפועל ב""ש/דימונה אלט (ליגת על)","הפועל גליל גלבוע (לאומית), מכבי ראשון לציון (לאומית), אליצור שומרון חלפ (לאומית)",אליצור שומרון חלפ (לאומית),אליצור נתניה עירוני (לאומית),"מכבי ראשון לציון (ליגת על), הפועל גליל גלבוע (ליגת על), מכבי ת""א פלייטיקה (ליגת על)","הפועל גליל גלבוע (ליגת על), מכבי ת""א פלייטיקה (ליגת על)",,,,מכבי תל אביב טדי (נוער לאומית גמרסל),,
עידו רוימי,הפועל נווה שאנן חיפה,2001/12/26,1.93,83.0,מכבי רחובות (לאומית),מכבי רחובות (לאומית),אליצור לוד/נחל שורק (ארצית דרום),הפועל חולון (ליגת על),"מכבי ראשל""צ עופר (נוער לאומית דרום)",,,,,,,
עידן אברהם,אליצור יבנה,2002/12/13,2.04,23.0,אליצור יבנה (לאומית),מכבי רחובות (לאומית),הפועל נס ציונה חי מו (על גברים גמר סל),אליצור לוד/נחל שורק (ארצית -א בית דרום),הפועל נס ציונה רוטנש (נוער על גמרסל),,,,,,,
עידן אלבר,הפועל מגדל העמק/יזרעאל,2000/01/25,1.93,24.0,הפועל עפולה (ליגת על),מכבי רעננה עירוני (לאומית),מכבי רעננה עירוני (לאומית),"הפועל ב""ש/דימונה אלט (ליגת על)","הפועל נס ציונה חי מו (ליגת על), מכבי ת""א פלייטיקה (ליגת על)",הפועל נס ציונה חי מו (ליגת על),הפועל כפר סבא שלום (לאומית),מכבי תל אביב טדי (נוער על - גמרסל),,,,
עידן רפאלוב,מכבי מעלה אדומים,2008/06/09,,,,,,,,,,,,,,
עילי שאול,מ.כ עוטף דרום,2001/08/15,1.88,33.0,הפועל נהריה (לאומית),אליצור נתניה עירוני (לאומית),אליצור נתניה עירוני (לאומית),מכבי חדרה (ארצית צפון),מכבי חדרה (ארצית צפון),הפועל כפר סבא אביב (נוער על צפון),,,,,,
עמיעד ינאי,מכבי מעלה אדומים,2004/02/21,1.96,10.0,הפועל חבל מודיעין (ארצית דרום),"מכבי תל אביב/שוהם (ארצית דרום), אליצור לוד/נחל שורק (ארצית דרום)",מכבי תל אביב/שוהם (ארצית -א בית דרום),הפועל ירושלים עזרא (נוער על גמרסל),"הפועל ירושלים ליאל (נערים א ארצית דרום), הפועל ירושלים שי (נערים א לאומית דרום)",,,,,,,
עמית אהרוני,מכבי רחובות,2002/02/09,1.87,10.0,אליצור נתניה עירוני (ליגת על),הפועל גליל גלבוע (לאומית),מכבי רמת גן קבוצת כנ (לאומית),אליצור נתניה עירוני (לאומית),"מכבי תל אביב טדי (נוער על דרום), אליצור נתניה עירוני (לאומית)",,,,,,,
עמית ביר כץ,"א.ס רמה""ש ירק השדה",1988/12/08,2.06,13.0,"א.ס. רמה""ש ירק השדה (לאומית)","א.ס. רמה""ש ירק השדה (לאומית)","א.ס. רמה""ש ירק השדה (לאומית)","א.ס. רמה""ש ירק השדה (לאומית)","א.ס. רמה""ש ירק השדה (לאומית)",הפועל חבל מודיעין (לאומית),הפועל תל אביב שלמה (ליגת על),הפועל אילת (ליגת על),הפועל גליל גלבוע (ליגת על),הפועל חולון (ליגת על),הפועל אילת (ליגת על),מכבי אשדוד (ליגת על)
עמית זיס,א.ס. עירוני אשקלון,1999/09/30,1.98,22.0,א.ס. עירוני אשקלון (לאומית),הפועל אילת (ליגת על),הפועל גליל גלבוע (ליגת על),"הפועל ב""ש/דימונה אלט (ליגת על)","הפועל ב""ש/דימונה אלט (ליגת על)","הפועל ב""ש/דימונה אלט (ליגת על)","הפועל ב""ש/דימונה אלט (ליגת על)",מכבי קרית גת (לאומית),מכבי תל אביב טדי (נוער על -בית עליון),,,
עמית מנחם,מכבי רחובות,2004/03/14,1.87,12.0,הפועל מגדל העמק יזרע (לאומית),מכבי חיפה גיא (לאומית),מכבי חיפה גיא (לאומית),מכבי חיפה אסי (נוער על גמרסל),,,,,,,,
עמית סנקר,א.ס. עירוני אשקלון,2002/07/27,1.91,10.0,א.ס. עירוני אשקלון (לאומית),הפועל חולון (ליגת על),הפועל חולון (על גברים גמר סל),הפועל חולון (ליגת על),הפועל חולון יורם (נוער על דרום),,,,,,,
עמית ראובן,מכבי אשדוד,1998/12/16,1.82,9.0,מכבי ראשון לציון (לאומית),הפועל נהריה (לאומית),הפועל נהריה (לאומית),אליצור קרית אתא לאטי (לאומית),"אליצור קרית אתא לאטי (לאומית), הפועל גליל גלבוע (ליגת על)",הפועל גליל גלבוע (ליגת על),הפועל גליל גלבוע (ליגת על),הפועל גליל גלבוע (ליגת על),הפועל גלבוע מעיינות (נוער על -בית עליון),,,
עמית שדה,מכבי קרית גת,2000/07/11,1.92,7.0,הפועל כפר קאסם (לאומית),א.ס. עירוני אשקלון (לאומית),אליצור לוד/נחל שורק (ארצית דרום),הפועל חבל אילות (ארצית דרום),הפועל חבל אילות (ארצית דרום),מכבי תל אביב/שהם (ארצית -דרום),מכבי תל אביב/שהם (ארצית -דרום),הפועל ירושלים עזרא (נוער על דרום),,,,
עמרי שלף,מ.כ עוטף דרום,2004/07/30,1.96,9.0,מועדון כדורסל עוטף ד (לאומית),"הפועל ב""ש/דימונה אלט (ליגת על)",הפועל עמק יזרעאל (נוער על גמרסל),,,,,,,,,
פול דלייני,אליצור שומרון,1986/08/30,1.89,28.0,הפועל כפר קאסם (לאומית),"הפועל כפר קאסם (לאומית), מכבי אשדוד (ארצית דרום)",הפועל כפר קאסם (ארצית דרום),מכבי רמת גן קבוצת כנ (לאומית),"הפועל ב""ש/דימונה אלט (ליגת על), א.ס. עירוני אשקלון (לאומית)","הפועל ב""ש/דימונה אלט (ליגת על), א.ס. עירוני אשקלון (לאומית)",,,,,,
צוף בן משה,הפועל אסטרל אילת,1997/07/31,1.94,6.0,הפועל נס ציונה חי מו (ליגת על),הפועל נס ציונה חי מו (ליגת על),הפועל נס ציונה חי מו (על גברים גמר סל),הפועל אילת (ליגת על),"הפועל תל אביב IBI (ליגת על), הפועל אילת (ליגת על)",הפועל תל אביב IBI (ליגת על),הפועל נס ציונה חי מו (ליגת על),הפועל גליל עליון (לאומית),הפועל תל אביב IBI (ליגת על),הפועל תל אביב יהודה (נוער לאומית גמרסל),,
צחי יתאח,מ.ס צפת,2001/05/23,2.02,5.0,הפועל צפת/גליל דניאל (לאומית),"מכבי קרית מוצקין (ארצית צפון), מכבי מעלה אדומים (לאומית)",הפועל עפולה (לאומית),מכבי קרית ביאליק (ארצית -א בית צפון),הפועל מעלות תרשיחא (ארצית צפון),"הפועל צפת/גליל דניאל (ארצית - צפון), הפועל גליל עליון (לאומית)",הפועל גליל עליון צפת (נוער על צפון),,,,,
קורן ז'ורנו,"מכבי מנדל פ""ת",1998/11/21,1.78,11.0,הפועל אילת (לאומית),הפועל אילת (ליגת על),הפועל עפולה (לאומית),אליצור קרית אתא לאטי (לאומית),"הפועל גלבוע ברוש (ארצית צפון), הפועל גליל גלבוע (ליגת על)",,,,,,,
קורן משה,מכבי גיא נתן חיפה,2004/07/06,2.0,41.0,מכבי רעננה עירוני (לאומית),הפועל גלבוע ברוש (ארצית צפון),הפועל עמק חפר רופין (נוער לאומית צפון),,,,,,,,,
קיירי בראון,אליצור יבנה,1999/09/21,1.80,3,,,,,,,,,,,,
קינדל היל,מ.כ עוטף דרום,1994/08/21,2.00,5,,,,,,,,,,,,
קלארק רוזנברג,מכבי קרית גת,1993/04/19,1.93,35.0,מכבי רחובות (לאומית),א.ס. עירוני אשקלון (לאומית),א.ס. עירוני אשקלון (לאומית),הפועל נהריה (לאומית),"הפועל ב""ש/דימונה אלט (ליגת על), א.ס. עירוני אשקלון (לאומית), הפועל עפולה (לאומית)","הפועל ב""ש/דימונה אלט (ליגת על), הפועל עפולה (לאומית)",אליצור קרית אתא לאטי (לאומית),אליצור יבנה (לאומית),,,,
ראיין טוראל,הפועל נווה שאנן חיפה,1999/02/03,2.01,77.0,הפועל נהריה (לאומית),,,,,,,,,,,
רביב פיטשון,מכבי אשדוד,1989/10/27,2.01,7.0,מכבי אשדוד (ארצית דרום),מכבי ראשון לציון (לאומית),א.ס. עירוני אשקלון (לאומית),מכבי אשדוד (לאומית),הפועל נס ציונה חי מו (ליגת על),הפועל נס ציונה חי מו (ליגת על),הפועל נס ציונה חי מו (ליגת על),הפועל נס ציונה חי מו (ליגת על),הפועל נס ציונה חי מו (לאומית),הפועל גליל גלבוע (לאומית),אליצור מכבי ע.אשקלון (לאומית),אליצור מכבי ע.אשקלון (לאומית)
רוברט טרנר,מכבי אשדוד,1993/04/08,1.90,3,,,,,,,,,,,,
רום כיטכס,מכבי מעלה אדומים,2005/07/22,1.89,3.0,הפועל נהריה (לאומית),אליצור נווה דוד רמלה (ארצית דרום),הפועל ירושלים עזרא (נוער על גמרסל),,,,,,,,,
רום מיטב,הפועל נווה שאנן חיפה,2007/03/06,1.86,9.0,הפועל נווה שאנן חיפה שובל (נוער על תחתון צפון),,,,,,,,,,,
רון כהן,א.ס. עירוני אשקלון,2002/07/13,1.92,20.0,הפועל גליל עליון (ליגת על),הפועל גליל עליון (ליגת על),הפועל גליל עליון (על גברים גמר סל),הפועל גליל עליון (ליגת על),"הפועל גליל עליון (לאומית), הפועל גליל עליון (נוער ארצית צפון)",,,,,,,
רועי אבנרי,"א.ס רמה""ש ירק השדה",2005/06/30,2.01,17.0,"א.ס. רמה""ש ירק השדה (לאומית)",מכבי מעלה אדומים (לאומית),הפועל ירושלים עזרא (נוער על גמרסל),,,,,,,,,
רועי בכר,אליצור שומרון,2005/04/20,1.97,7.0,אליצור שומרון חלפ (לאומית),"מכבי ת""א פלייטיקה (ליגת על)",מכבי תל אביב טדי (נוער על גמרסל),,,,,,,,,
רותם לוינשטיין,הפועל נווה שאנן חיפה,2001/10/19,1.88,13.0,הפועל צפת/גליל דניאל (לאומית),מכבי חיפה גיא (לאומית),אליצור שומרון חלפ (לאומית),מכבי הוד השרון סנו (לאומית),"אליצור נווה דוד רמלה (ארצית דרום), הפועל כפר סבא שלום (ארצית צפון)",אליצור נווה דוד רמלה (ארצית -דרום),הפועל כפר סבא אביב (נוער על צפון),,הפועל כפר סבא רוור (נערים א גמר סל),הפועל כפר סבא פישמן (נערים ב לאומית שרון),,הפועל כפר סבא ארז (ילדים ב' - שרון)
רותם עובדיה,הפועל נווה שאנן חיפה,2006/04/21,1.89,7.0,הפועל נווה שאנן חיפה שובל (נוער על תחתון צפון),,,,,,,,,,,
רז מור,מ.ס צפת,1997/09/23,1.85,15.0,א.ס. אשקלון/קרית גת (ארצית דרום),הפועל מגדל העמק יזרע (ארצית צפון),הפועל עמק חפר (ארצית צפון),הפועל עכו (ארצית צפון),"הפועל צפת/גליל דניאל (ארצית צפון), הפועל עכו (לאומית), מכבי קרית מוצקין (לאומית)",הפועל צפת/גליל דניאל (ארצית - צפון),הפועל צפת/גליל דניאל (ארצית - צפון),הפועל צפת/גליל דניאל (ארצית - צפון),הפועל גליל עליון (לאומית),הפועל גליל עליון (לאומית),הפועל נהריה ניר (נוער לאומית צפון),
רזיאל חיון,מכבי גיא נתן חיפה,2001/07/23,1.96,7,,,,,,,,,,,,
ריקי פאק,מ.כ עוטף דרום,1992/10/17,1.94,2.0,,,,הפועל מגדל העמק יזרע (לאומית),,,,,,,,
רני בלגה,הפועל ירושלים מידטאון,2006/06/21,1.97,4,,,,,,,,,,,,
רעי הלל,אליצור שומרון להב,2008/09/19,,1,,,,,,,,,,,,
שגיא פנחס,הפועל אסטרל אילת,2005/05/09,1.85,11.0,"הפועל אסטרל אילת (לאומית), הפועל אילת זהר (א דרום)",הפועל אסטרל אילת (ליגת על),הפועל אילת (נוער לאומית דרום),,,,,,,,,
שגיב גורמן,"מכבי מנדל פ""ת",2002/12/21,1.85,19.0,הפועל כפר סבא שלום (לאומית),"הפועל כפר סבא שלום (ארצית גברים-כרטיס 3), הפועל כפר סבא שלום (ארצית צפון)",הפועל כפר סבא שלום (ארצית צפון),הפועל כפר סבא שלום (ארצית צפון),הפועל כפר סבא אביב (נוער על גמרסל),,,,,,,
שגיב דוד,אליצור יבנה,1992/11/15,1.99,4.0,מכבי רחובות (לאומית),מכבי רחובות (לאומית),א.ס. עירוני אשקלון (לאומית),הפועל ירושלים ב.יהב (ליגת על),"מכבי רעננה עירוני (לאומית), אליצור קרית אתא לאטי (לאומית)",אליצור קרית אתא לאטי (לאומית),מכבי רעננה עירוני (לאומית),אליצור קרית אתא לאטי (לאומית),אליצור קרית אתא לאטי (לאומית),,מכבי קרית גת (לאומית),מכבי גדרה נחום (ארצית -דרום)
שוהם גת,הפועל נווה שאנן חיפה,2002/08/10,1.86,10.0,,בני הרצליה פנלינק (ליגת על),הפועל חבל מודיעין (לאומית),הפועל חבל מודיעין (לאומית),הפועל עמק חפר אלטשול (נוער על גמרסל),,,,,,,
שון דליד,אליצור שומרון,2007/05/12,1.91,20,,,,,,,,,,,,
שחר שלמון,מכבי אשדוד,2003/09/10,1.9,4.0,מכבי אשדוד (ארצית דרום),"מכבי תל אביב/שהם (ארצית דרום), אליצור לוד/נחל שורק (ארצית דרום)",מכבי תל אביב/שהם (ארצית -א בית דרום),"מכבי ראשל""צ איציק (נוער על גמרסל)",,,,,,,,
שי כהן,מכבי קרית גת,2006/03/11,1.89,11,,,,,,,,,,,,
שלו ז'אן,"מכבי מנדל פ""ת",2006/09/02,1.92,5.0,"מכבי פתח תקווה מנדל (ארצית צפון), מכבי פתח תקוה נחמן (נוער על גמרסל)",,,,,,,,,,,
שלו מוריוסף,מ.ס צפת,2003/10/04,1.9,7.0,הפועל חבל אילות (ארצית דרום),הפועל אילת (ליגת על),הפועל אילת זהר (א דרום),,אליצור יבנה אופק (נוער לאומית דרום),,,,,,,
תומר כהן,עירוני נהריה,1997/11/10,1.94,18.0,א.ס. עירוני אשקלון (לאומית),"מכבי חיפה גיא (לאומית), הפועל צפת/גליל דניאל (לאומית)",מכבי ראשון לציון (לאומית),הפועל נהריה (לאומית),הפועל עפולה (לאומית),הפועל נהריה (ליגת על),הפועל נהריה (ליגת על),הפועל נהריה (ליגת על),הפועל נהריה (ליגת על),הפועל נהריה ניר (נוער לאומית צפון),,
תומר לוינסון,עירוני נהריה,2000/05/20,2.08,22.0,הפועל נהריה (לאומית),הפועל נס ציונה חי מו (ליגת על),הפועל נס ציונה חי מו (על גברים גמר סל),הפועל נס ציונה חי מו (ליגת על),מכבי רעננה עירוני (לאומית),,הפועל ירושלים ב.יהב (ליגת על),,הפועל נס ציונה רוטנש (נוער על -בית עליון),,,
תומר פורת,הפועל אסטרל אילת,1999/03/29,2.01,10.0,הפועל אילת (לאומית),אליצור קרית אתא לאטי (ליגת על),"הפועל ב""ש/דימונה אלט (על גברים גמר סל)",הפועל עפולה (לאומית),"הפועל עפולה (לאומית), הפועל נהריה (ליגת על)",מכבי רעננה עירוני (לאומית),הפועל כפר סבא שלום (לאומית),מכבי הוד השרון סנו (לאומית),מכבי תל אביב טדי (נוער על -בית עליון),,,
